Model,Fuel type ,Maximum power - Output - Horsepower ,Maximum torque ,Fuel Tank Capacity ,Curb Weight ,Top Speed ,Length ,Width ,Height 
SKODA,Petrol,177,184,13.2,2959,142,183.74,71.42,57.68
SKODA,Petrol,227,258,13.2,3179,154,184.45,71.42,57.17
SKODA,Petrol,227,258,13.2,3223,152,184.45,71.42,57.17
SKODA,Petrol,148,184,13.2,2846,134,183.74,71.42,57.68
SKODA,Petrol,114,147,13.2,2798,124,183.74,71.42,57.68
SKODA,Petrol,148,184,13.2,2815,134,183.74,71.42,57.68
SKODA,Petrol,177,206,14.5,3197,141,183.74,71.42,57.6
SKODA,Petrol,114,147,13.2,2749,125,183.74,71.42,57.68
SKODA,Petrol,177,184,13.2,2992,142,183.74,71.42,57.68
SKODA,Diesel,181,280,13.2,3234,143,184.45,71.42,57.17
SKODA,Diesel,181,280,13.2,3278,142,184.45,71.42,57.17
SKODA,Diesel,148,250,14.5,3214,132,183.74,71.42,57.6
SKODA,Diesel,148,250,13.2,3029,132,183.74,71.42,57.68
SKODA,Diesel,181,280,14.5,3466,139,184.61,71.42,57.17
SKODA,Diesel,114,184,13.2,2926,125,183.74,71.42,57.68
SKODA,Diesel,114,184,13.2,2959,124,183.74,71.42,57.68
SKODA,Diesel,148,250,13.2,2985,134,183.74,71.42,57.68
SKODA,Petrol,114,147,13.2,2701,126,183.86,71.42,57.52
SKODA,Petrol,148,184,13.2,2767,136,183.86,71.42,57.52
SKODA,Petrol,114,147,13.2,2749,126,183.86,71.42,57.52
SKODA,Petrol,148,184,13.2,2798,136,183.86,71.42,57.52
SKODA,Petrol,177,184,13.2,2910,144,183.86,71.42,57.52
SKODA,Petrol,227,258,13.2,3131,155,184.61,71.42,57.01
SKODA,Petrol,227,258,13.2,3175,155,184.61,71.42,57.01
SKODA,Petrol,177,184,13.2,2943,144,183.86,71.42,57.52
SKODA,Diesel,148,250,13.2,2937,135,183.86,71.42,57.52
SKODA,Diesel,181,280,13.2,3230,143,184.61,71.42,57.01
SKODA,Diesel,114,184,13.2,2910,126,183.86,71.42,57.52
SKODA,Diesel,114,184,13.2,2877,126,183.86,71.42,57.52
SKODA,Diesel,181,280,13.2,3186,144,184.61,71.42,57.01
SKODA,Diesel,181,280,14.5,3417,142,184.61,71.42,57.01
SKODA,Diesel,148,250,13.2,2981,134,183.86,71.42,57.52
SKODA,Petrol,123,147,15.3,3461,117,184.92,74.09,65.16
SKODA,Petrol,177,236,15.9,3845,127,184.92,74.09,65.16
SKODA,Petrol,177,236,15.9,3763,128,184.92,74.09,65.16
SKODA,Petrol,148,184,15.9,3664,120,184.92,74.09,65.16
SKODA,Petrol,148,184,15.9,3583,121,184.92,74.09,65.16
SKODA,Petrol,148,184,15.3,3514,122,184.92,74.09,65.16
SKODA,Petrol,148,184,15.3,3419,123,184.92,74.09,65.16
SKODA,Petrol,148,184,15.9,3644,122,184.92,74.09,65.16
SKODA,Petrol,148,184,15.9,3560,122,184.92,74.09,65.16
SKODA,Diesel,187,295,15.9,3882,131,184.92,74.09,65.16
SKODA,Diesel,148,250,15.9,3944,119,184.92,74.09,65.16
SKODA,Diesel,148,250,15.9,3862,121,184.92,74.09,65.16
SKODA,Diesel,148,250,15.9,3860,121,184.92,74.09,65.16
SKODA,Diesel,148,250,15.9,3779,122,184.92,74.09,65.16
SKODA,Diesel,148,250,15.3,3779,123,184.92,74.09,65.16
SKODA,Diesel,148,250,15.3,3697,124,184.92,74.09,65.16
SKODA,Diesel,187,295,15.9,3964,130,184.92,74.09,65.16
SKODA,Petrol,148,184,17.4,3142,137,191.38,73.39,57.8
SKODA,Petrol,148,184,17.4,3075,137,191.38,73.39,57.8
SKODA,Petrol,148,184,17.4,3142,137,191.38,73.39,57.8
SKODA,Petrol,276,258,17.4,3560,155,191.38,73.39,57.8
SKODA,Petrol,148,184,17.4,3142,137,191.38,73.39,57.8
SKODA,Petrol,177,236,17.4,3230,144,191.38,73.39,57.8
SKODA,Petrol,148,184,17.4,3075,137,191.38,73.39,57.8
SKODA,Petrol,148,184,17.4,3075,137,191.38,73.39,57.8
SKODA,Petrol,177,184,17.4,3274,144,191.38,73.39,57.8
SKODA,Petrol,148,184,17.4,3142,137,191.38,73.39,57.8
SKODA,Petrol,148,184,17.4,3318,134,191.38,73.39,57.8
SKODA,Petrol,148,184,17.4,3318,135,191.38,73.39,57.8
SKODA,Petrol,217,258,17.4,3318,151,191.38,73.39,57.8
SKODA,Diesel,187,295,17.4,3428,145,191.38,73.39,57.8
SKODA,Diesel,187,295,17.4,3318,147,191.38,73.39,57.8
SKODA,Diesel,187,295,17.4,3428,145,191.38,73.39,57.8
SKODA,Diesel,187,295,17.4,3318,147,191.38,73.39,57.8
SKODA,Diesel,187,295,17.4,3560,142,191.38,73.39,57.8
SKODA,Diesel,118,184,17.4,3263,128,191.38,73.39,57.8
SKODA,Diesel,118,184,17.4,3230,128,191.38,73.39,57.8
SKODA,Diesel,118,184,17.4,3263,128,191.38,73.39,57.8
SKODA,Diesel,148,250,17.4,3538,134,191.38,73.39,57.8
SKODA,Diesel,148,250,17.4,3307,135,191.38,73.39,57.8
SKODA,Diesel,148,250,17.4,3307,135,191.38,73.39,57.8
SKODA,Diesel,187,295,17.4,3318,147,191.38,73.39,57.8
SKODA,Diesel,148,250,17.4,3307,135,191.38,73.39,57.8
SKODA,Diesel,148,250,17.4,3274,137,191.38,73.39,57.8
SKODA,Diesel,118,184,17.4,3263,128,191.38,73.39,57.8
SKODA,Diesel,148,250,17.4,3538,135,191.38,73.39,57.8
SKODA,Diesel,118,184,17.4,3230,128,191.38,73.39,57.8
SKODA,Diesel,148,250,17.4,3274,137,191.38,73.39,57.8
SKODA,Diesel,148,250,17.4,3274,137,191.38,73.39,57.8
SKODA,Diesel,148,250,17.4,3274,137,191.38,73.39,57.8
SKODA,Diesel,148,250,17.4,3307,135,191.38,73.39,57.8
SKODA,Diesel,148,250,17.4,3538,134,191.38,73.39,57.8
SKODA,Diesel,118,184,17.4,3274,130,191.38,73.39,57.2
SKODA,Petrol,109,129,11.9,2542,124,167.6,68.19,57.76
SKODA,Petrol,89,118,11.9,2498,115,167.6,68.19,57.76
SKODA,Petrol,89,118,11.9,2498,115,167.6,68.19,57.76
SKODA,Petrol,74,70,11.9,2379,109,167.6,68.19,57.76
SKODA,Petrol,109,129,11.9,2597,124,167.6,68.19,57.76
SKODA,Petrol,109,129,11.9,2542,124,167.6,68.19,57.76
SKODA,Petrol,89,118,11.9,2498,115,167.6,68.19,57.76
SKODA,Petrol,74,70,11.9,2379,109,167.6,68.19,57.76
SKODA,Petrol,109,129,11.9,2597,124,167.6,68.19,57.76
SKODA,Petrol,89,118,11.9,2498,115,167.6,68.19,57.76
SKODA,Petrol,109,129,11.9,2597,124,167.6,68.19,57.76
SKODA,Diesel,89,169,11.9,2668,114,167.6,68.19,57.76
SKODA,Diesel,89,169,11.9,2601,114,167.6,68.19,57.76
SKODA,Diesel,89,169,11.9,2601,114,167.6,68.19,57.76
SKODA,Diesel,104,184,11.9,2621,122,167.6,68.19,57.76
SKODA,Diesel,104,184,11.9,2621,122,167.6,68.19,57.76
SKODA,Diesel,89,169,11.9,2668,114,167.6,68.19,57.76
SKODA,Diesel,74,154,11.9,2601,109,167.6,68.19,57.76
SKODA,Diesel,74,154,11.9,2601,109,167.6,68.19,57.76
SKODA,Diesel,104,184,11.9,2621,122,167.6,68.19,57.76
SKODA,Diesel,104,184,11.9,2621,122,167.6,68.19,57.76
SKODA,Diesel,104,184,11.9,2621,122,167.6,68.19,57.76
SKODA,Petrol,148,184,17.4,3186,135,191.18,73.39,58.15
SKODA,Petrol,148,184,17.4,3186,135,191.18,73.39,58.15
SKODA,Petrol,148,184,17.4,3120,135,191.18,73.39,58.15
SKODA,Petrol,148,184,17.4,3186,135,191.18,73.39,58.15
SKODA,Petrol,148,184,17.4,3362,132,191.18,73.39,58.15
SKODA,Petrol,177,236,17.4,3274,143,191.18,73.39,57.56
SKODA,Petrol,276,258,17.4,3605,155,191.18,73.39,57.56
SKODA,Diesel,148,250,17.4,3583,132,191.18,73.39,58.15
SKODA,Diesel,148,250,17.4,3583,132,191.18,73.39,58.15
SKODA,Diesel,118,184,17.4,3307,127,191.18,73.39,58.15
SKODA,Diesel,118,184,17.4,3307,127,191.18,73.39,58.15
SKODA,Diesel,187,295,17.4,3605,142,191.18,73.39,58.15
SKODA,Diesel,187,295,17.4,3472,145,191.18,73.39,58.15
SKODA,Diesel,187,295,17.4,3362,146,191.18,73.39,58.15
SKODA,Diesel,148,250,17.4,3351,134,191.18,73.39,58.15
SKODA,Diesel,148,250,17.4,3318,135,191.18,73.39,58.15
SKODA,Diesel,118,184,17.4,3274,127,191.18,73.39,58.15
SKODA,Diesel,118,184,17.4,3318,128,191.18,73.39,57.56
SKODA,Petrol,74,70,11.9,2326,107,157.17,68.19,57.76
SKODA,Petrol,89,118,11.9,2445,113,157.17,68.19,57.76
SKODA,Petrol,109,129,11.9,2489,122,157.17,68.19,57.76
SKODA,Petrol,109,129,11.9,2544,122,157.17,68.19,57.76
SKODA,Petrol,89,118,11.9,2445,113,157.17,68.19,57.76
SKODA,Petrol,89,118,11.9,2445,113,157.17,68.19,57.76
SKODA,Petrol,74,70,11.9,2326,107,157.17,68.19,57.76
SKODA,Petrol,59,70,11.9,2326,99,157.17,68.19,57.76
SKODA,Petrol,109,129,11.9,2544,122,157.17,68.19,57.76
SKODA,Petrol,109,129,11.9,2489,122,157.17,68.19,57.76
SKODA,Petrol,109,129,11.9,2544,122,157.17,68.19,57.76
SKODA,Petrol,109,129,11.9,2489,122,157.17,68.19,57.76
SKODA,Petrol,89,118,11.9,2445,113,157.17,68.19,57.76
SKODA,Diesel,104,184,11.9,2568,120,157.17,68.19,57.76
SKODA,Diesel,89,169,11.9,2615,113,157.17,68.19,57.76
SKODA,Diesel,89,169,11.9,2549,113,157.17,68.19,57.76
SKODA,Diesel,104,184,11.9,2568,120,157.17,68.19,57.76
SKODA,Diesel,89,169,11.9,2615,113,157.17,68.19,57.76
SKODA,Diesel,89,169,11.9,2549,113,157.17,68.19,57.76
SKODA,Diesel,74,154,11.9,2549,107,157.17,68.19,57.76
SKODA,Diesel,74,154,11.9,2549,107,157.17,68.19,57.76
SKODA,Diesel,104,184,11.9,2568,120,157.17,68.19,57.76
SKODA,Petrol,177,206,14.5,3355,134,184.45,71.42,60.28
SKODA,Diesel,148,250,14.5,3364,129,184.45,71.42,60.28
SKODA,Diesel,181,280,14.5,3437,136,184.45,71.42,60.28
SKODA,Diesel,148,250,14.5,3364,129,184.45,71.42,60.28
SKODA,Diesel,181,280,14.5,3437,136,184.45,71.42,60.28
SKODA,Diesel,109,184,14.5,3318,129,184.45,71.42,60.28
SKODA,Petrol,158,184,15.9,3318,124,166.42,70.59,66.57
SKODA,Petrol,104,129,14.5,2954,109,166.42,70.59,66.57
SKODA,Petrol,104,129,14.5,2954,109,166.42,70.59,66.57
SKODA,Petrol,104,129,14.5,3009,108,166.42,70.59,66.57
SKODA,Petrol,104,129,14.5,3009,108,166.42,70.59,66.57
SKODA,Petrol,120,147,14.5,3075,115,166.42,70.59,66.57
SKODA,Petrol,120,147,14.5,3075,115,166.42,70.59,66.57
SKODA,Petrol,120,147,14.5,3075,115,166.42,70.59,66.57
SKODA,Petrol,104,129,14.5,2954,109,166.42,70.59,66.57
SKODA,Petrol,120,147,14.5,3109,113,166.42,70.59,66.57
SKODA,Petrol,120,147,14.5,3109,113,166.42,70.59,66.57
SKODA,Petrol,109,129,14.5,2954,111,166.42,70.59,66.57
SKODA,Diesel,104,184,14.5,3109,109,166.42,70.59,66.57
SKODA,Diesel,168,258,15.9,3450,122,166.42,70.59,66.57
SKODA,Diesel,168,258,15.9,3395,125,166.42,70.59,66.57
SKODA,Diesel,138,236,15.9,3439,116,166.42,70.59,66.57
SKODA,Diesel,138,236,15.9,3439,116,166.42,70.59,66.57
SKODA,Diesel,138,236,15.9,3384,118,166.42,70.59,66.57
SKODA,Diesel,138,236,15.9,3384,118,166.42,70.59,66.57
SKODA,Diesel,104,184,14.5,3109,109,166.42,70.59,66.57
SKODA,Diesel,138,236,15.9,3230,120,166.42,70.59,66.57
SKODA,Diesel,104,184,14.5,3186,109,166.42,70.59,66.57
SKODA,Diesel,104,184,14.5,3186,109,166.42,70.59,66.57
SKODA,Diesel,109,184,14.5,3131,110,166.42,70.59,66.57
SKODA,Diesel,109,184,14.5,3131,110,166.42,70.59,66.57
SKODA,Diesel,109,184,14.5,3131,110,166.42,70.59,66.57
SKODA,Diesel,109,184,15.9,3362,108,166.42,70.59,66.57
SKODA,Diesel,109,184,15.9,3362,108,166.42,70.59,66.57
SKODA,Diesel,109,184,15.9,3362,108,166.42,70.59,66.57
SKODA,Diesel,138,236,15.9,3230,120,166.42,70.59,66.57
SKODA,Diesel,138,236,15.9,3230,120,166.42,70.59,66.57
SKODA,Diesel,104,184,14.5,3109,109,166.42,70.59,65.79
SKODA,Diesel,104,184,14.5,3186,109,166.42,70.59,66.57
SKODA,Diesel,109,184,14.5,3131,110,166.42,70.59,66.57
SKODA,Diesel,109,184,14.5,3201,112,166.42,70.59,66.57
SKODA,Petrol,104,129,13.2,2749,120,183.43,71.42,57.68
SKODA,Petrol,138,184,13.2,2826,132,183.43,71.42,57.68
SKODA,Petrol,138,184,13.2,2804,132,183.43,71.42,57.68
SKODA,Petrol,138,184,13.2,2826,132,183.43,71.42,57.68
SKODA,Petrol,138,184,13.2,2804,132,183.43,71.42,57.68
SKODA,Petrol,217,258,13.2,3179,152,184.45,71.42,57.17
SKODA,Petrol,177,184,13.2,2948,142,183.43,71.42,57.68
SKODA,Petrol,177,184,13.2,2981,142,183.43,71.42,57.68
SKODA,Petrol,138,184,13.2,2826,132,183.43,71.42,57.68
SKODA,Petrol,104,129,13.2,2749,120,183.43,71.42,57.68
SKODA,Petrol,138,184,13.2,2804,132,183.43,71.42,57.68
SKODA,Petrol,177,184,13.2,2981,142,183.43,71.42,57.68
SKODA,Petrol,177,184,13.2,2948,142,183.43,71.42,57.68
SKODA,Petrol,217,258,13.2,3179,152,184.45,71.42,57.17
SKODA,Petrol,217,258,13.2,3223,150,184.45,71.42,57.17
SKODA,Petrol,227,258,13.2,3234,154,184.45,71.42,57.17
SKODA,Petrol,148,184,13.2,2815,134,183.43,71.42,57.68
SKODA,Petrol,227,258,13.2,3278,152,184.45,71.42,57.17
SKODA,Diesel,104,184,13.2,2915,119,183.43,71.42,57.68
SKODA,Diesel,104,184,13.2,2915,119,183.43,71.42,57.68
SKODA,Diesel,104,184,13.2,2948,119,183.43,71.42,57.68
SKODA,Diesel,148,236,13.2,2970,134,183.43,71.42,57.68
SKODA,Diesel,181,280,13.2,3278,143,184.45,71.42,57.17
SKODA,Diesel,104,184,13.2,2915,119,183.43,71.42,57.68
SKODA,Diesel,148,236,13.2,2970,134,183.43,71.42,57.68
SKODA,Diesel,104,184,13.2,2948,119,183.43,71.42,57.68
SKODA,Diesel,148,236,13.2,3014,132,183.43,71.42,57.68
SKODA,Diesel,148,236,13.2,2970,134,183.43,71.42,57.68
SKODA,Diesel,109,184,13.2,2822,128,183.43,71.42,57.68
SKODA,Petrol,104,129,14.5,2579,120,169.45,67.17,57.44
SKODA,Petrol,120,147,14.5,2701,126,169.45,67.17,57.44
SKODA,Petrol,104,129,14.5,2579,120,169.45,67.17,57.44
SKODA,Petrol,85,118,14.5,2535,112,169.45,67.17,57.44
SKODA,Petrol,120,147,14.5,2701,126,169.45,67.17,57.44
SKODA,Petrol,104,129,14.5,2579,120,169.45,67.17,57.44
SKODA,Petrol,85,118,14.5,2535,112,169.45,67.17,57.44
SKODA,Petrol,74,82,14.5,2491,107,169.45,67.17,57.44
SKODA,Petrol,85,118,14.5,2535,112,169.45,67.17,57.44
SKODA,Petrol,120,147,14.5,2701,126,169.45,67.17,57.44
SKODA,Petrol,85,118,14.5,2535,112,169.45,67.17,57.44
SKODA,Petrol,89,118,14.5,2557,114,169.45,67.17,57.44
SKODA,Diesel,89,169,14.5,2778,113,169.45,67.17,57.44
SKODA,Diesel,89,169,14.5,2778,113,169.45,67.17,57.44
SKODA,Diesel,89,169,14.5,2778,113,169.45,67.17,57.44
SKODA,Diesel,89,169,14.5,2773,114,169.45,67.17,57.44
SKODA,Diesel,104,184,14.5,2778,118,169.45,67.17,57.44
SKODA,Diesel,104,184,14.5,2778,118,169.45,67.17,57.44
SKODA,Diesel,104,184,14.5,2778,118,169.45,67.17,57.44
SKODA,Diesel,104,184,14.5,2778,118,169.45,67.17,57.44
SKODA,Diesel,89,169,14.5,2822,113,169.45,67.17,57.44
SKODA,Diesel,104,184,14.5,2778,118,169.45,67.17,57.44
SKODA,Diesel,89,169,14.5,2778,113,169.45,67.17,57.44
SKODA,Diesel,89,169,14.5,2778,113,169.45,67.17,57.44
SKODA,Diesel,89,169,14.5,2822,113,169.45,67.17,57.44
SKODA,Diesel,89,169,14.5,2822,113,169.45,67.17,57.44
SKODA,Diesel,104,184,14.5,2778,118,169.45,67.17,57.44
SKODA,Diesel,89,169,14.5,2778,113,169.45,67.17,57.44
SKODA,Diesel,89,169,14.5,2778,113,169.45,67.17,57.44
SKODA,Diesel,89,169,14.5,2778,113,169.45,67.17,57.44
SKODA,Diesel,89,169,14.5,2709,114,169.45,67.17,57.44
SKODA,Petrol,158,184,15.9,3347,137,190.28,71.54,59.49
SKODA,Petrol,158,184,15.9,3347,137,190.28,71.54,59.49
SKODA,Petrol,158,184,15.9,3373,137,190.28,71.54,59.49
SKODA,Petrol,158,184,15.9,3373,137,190.28,71.54,59.49
SKODA,Petrol,158,184,15.9,3547,135,190.28,71.54,59.49
SKODA,Petrol,158,184,15.9,3547,135,190.28,71.54,59.49
SKODA,Petrol,123,147,15.9,3283,126,190.28,71.54,59.49
SKODA,Petrol,123,147,15.9,3283,126,190.28,71.54,59.49
SKODA,Diesel,168,258,15.9,3444,140,190.28,71.54,59.49
SKODA,Diesel,168,258,15.9,3444,140,190.28,71.54,59.49
SKODA,Diesel,138,236,15.9,3459,127,190.47,71.54,59.45
SKODA,Diesel,138,236,15.9,3596,129,190.28,71.54,59.49
SKODA,Diesel,138,236,15.9,3596,129,190.28,71.54,59.49
SKODA,Diesel,138,236,15.9,3426,131,190.28,71.54,59.49
SKODA,Diesel,138,236,15.9,3426,131,190.28,71.54,59.49
SKODA,Diesel,138,236,15.9,3426,131,190.28,71.54,59.49
SKODA,Diesel,104,184,15.9,3397,121,190.28,71.54,59.49
SKODA,Diesel,104,184,15.9,3397,121,190.28,71.54,59.49
SKODA,Diesel,104,184,15.9,3382,119,190.28,71.54,59.49
SKODA,Diesel,104,184,15.9,3382,119,190.28,71.54,59.49
SKODA,Diesel,168,258,15.9,3444,140,190.28,71.54,59.49
SKODA,Petrol,158,184,15.9,3318,124,166.22,70.59,66.57
SKODA,Petrol,120,147,14.5,3075,115,166.22,70.59,66.57
SKODA,Petrol,104,129,14.5,2941,110,166.22,70.59,66.57
SKODA,Petrol,104,129,14.5,2941,110,166.22,70.59,66.57
SKODA,Petrol,104,129,14.5,2996,109,166.22,70.59,66.57
SKODA,Petrol,104,129,14.5,2996,109,166.22,70.59,66.57
SKODA,Petrol,120,147,14.5,3109,113,166.22,70.59,66.57
SKODA,Petrol,104,129,14.5,2941,110,166.22,70.59,66.57
SKODA,Petrol,120,147,14.5,3075,115,166.22,70.59,66.57
SKODA,Petrol,109,129,14.5,2998,111,166.22,70.59,66.57
SKODA,Petrol,109,129,14.5,2954,111,166.22,70.59,66.57
SKODA,Diesel,109,184,15.9,3362,108,166.22,70.59,66.57
SKODA,Diesel,138,236,15.9,3384,118,166.22,70.59,66.57
SKODA,Diesel,138,236,15.9,3384,118,166.22,70.59,66.57
SKODA,Diesel,138,236,15.9,3439,116,166.22,70.59,66.57
SKODA,Diesel,138,236,15.9,3439,116,166.22,70.59,66.57
SKODA,Diesel,168,258,15.9,3395,125,166.22,70.59,66.57
SKODA,Diesel,168,258,15.9,3450,122,166.22,70.59,66.57
SKODA,Diesel,109,184,15.9,3362,108,166.22,70.59,66.57
SKODA,Diesel,109,184,15.9,3362,108,166.22,70.59,66.57
SKODA,Diesel,138,236,15.9,3230,120,166.22,70.59,66.57
SKODA,Diesel,104,184,14.5,3109,109,166.22,70.59,66.57
SKODA,Diesel,104,184,14.5,3109,109,166.22,70.59,66.57
SKODA,Diesel,104,184,14.5,3186,109,166.22,70.59,66.57
SKODA,Diesel,104,184,14.5,3186,109,166.22,70.59,66.57
SKODA,Diesel,109,184,14.5,3131,110,166.22,70.59,66.57
SKODA,Diesel,109,184,14.5,3131,110,166.22,70.59,66.57
SKODA,Diesel,109,184,14.5,3131,110,166.22,70.59,66.57
SKODA,Diesel,138,236,15.9,3230,120,166.22,70.59,66.57
SKODA,Diesel,138,236,15.9,3230,120,166.22,70.59,66.57
SKODA,Diesel,104,184,14.5,3109,109,166.22,70.59,65.79
SKODA,Diesel,104,184,14.5,3186,109,166.22,70.59,66.57
SKODA,Diesel,148,250,15.9,3494,119,166.22,70.59,66.57
SKODA,Diesel,109,184,14.5,3201,112,166.22,70.59,66.57
SKODA,Petrol,104,129,13.2,2712,122,183.43,71.42,57.52
SKODA,Petrol,217,258,13.2,3142,154,184.45,71.42,57.05
SKODA,Petrol,138,184,13.2,2767,134,183.43,71.42,57.52
SKODA,Petrol,138,184,13.2,2789,134,183.43,71.42,57.52
SKODA,Petrol,138,184,13.2,2767,134,183.43,71.42,57.52
SKODA,Petrol,138,184,13.2,2789,134,183.43,71.42,57.52
SKODA,Petrol,177,184,13.2,2943,144,183.43,71.42,57.52
SKODA,Petrol,177,184,13.2,2910,144,183.43,71.42,57.52
SKODA,Petrol,138,184,13.2,2789,134,183.43,71.42,57.52
SKODA,Petrol,85,118,13.2,2679,112,183.43,71.42,57.52
SKODA,Petrol,104,129,13.2,2712,122,183.43,71.42,57.52
SKODA,Petrol,138,184,13.2,2767,134,183.43,71.42,57.52
SKODA,Petrol,138,184,13.2,2767,134,183.43,71.42,57.52
SKODA,Petrol,177,184,13.2,2943,144,183.43,71.42,57.52
SKODA,Petrol,104,129,13.2,2815,122,183.43,71.42,57.52
SKODA,Petrol,177,184,13.2,2910,144,183.43,71.42,57.52
SKODA,Diesel,104,184,13.2,2877,121,183.43,71.42,57.52
SKODA,Diesel,104,184,13.2,2877,121,183.43,71.42,57.52
SKODA,Diesel,104,184,13.2,2910,121,183.43,71.42,57.52
SKODA,Diesel,148,236,13.2,2932,135,183.43,71.42,57.52
SKODA,Diesel,181,280,13.2,3241,144,184.45,71.42,57.05
SKODA,Diesel,148,236,13.2,2932,135,183.43,71.42,57.52
SKODA,Diesel,104,184,13.2,2910,121,183.43,71.42,57.52
SKODA,Diesel,104,184,13.2,2877,121,183.43,71.42,57.52
SKODA,Diesel,148,236,13.2,2932,135,183.43,71.42,57.52
SKODA,Diesel,148,236,13.2,2976,134,183.43,71.42,57.52
SKODA,Diesel,109,184,13.2,2877,122,183.43,71.42,57.52
SKODA,Petrol,158,184,15.9,3298,138,190.28,71.54,57.56
SKODA,Petrol,158,184,15.9,3298,138,190.28,71.54,57.56
SKODA,Petrol,158,184,15.9,3325,138,190.28,71.54,57.56
SKODA,Petrol,158,184,15.9,3325,138,190.28,71.54,57.56
SKODA,Petrol,123,147,15.9,3283,126,190.28,71.54,57.56
SKODA,Petrol,158,184,15.9,3499,136,190.28,71.54,57.56
SKODA,Petrol,158,184,15.9,3499,136,190.28,71.54,57.56
SKODA,Petrol,123,147,15.9,3234,127,190.28,71.54,57.56
SKODA,Diesel,168,258,15.9,3395,142,190.28,71.54,57.56
SKODA,Diesel,168,258,15.9,3395,142,190.28,71.54,57.56
SKODA,Diesel,168,258,15.9,3395,142,190.28,71.54,57.56
SKODA,Diesel,138,236,15.9,3547,131,190.28,71.54,57.56
SKODA,Diesel,104,184,15.9,3344,117,190.47,71.54,57.56
SKODA,Diesel,138,236,15.9,3377,132,190.28,71.54,57.56
SKODA,Diesel,138,236,15.9,3411,129,190.47,71.54,57.56
SKODA,Diesel,104,184,15.9,3344,117,190.47,71.54,57.56
SKODA,Diesel,138,236,15.9,3411,129,190.47,71.54,57.56
SKODA,Diesel,104,184,15.9,3333,121,190.28,71.54,57.56
SKODA,Diesel,104,184,15.9,3349,122,190.28,71.54,57.64
SKODA,Diesel,138,236,15.9,3377,132,190.28,71.54,57.56
SKODA,Diesel,104,184,15.9,3333,121,190.28,71.54,57.56
SKODA,Diesel,104,184,15.9,3349,122,190.28,71.54,57.64
SKODA,Diesel,138,236,15.9,3377,132,190.28,71.54,57.56
SKODA,Diesel,138,236,15.9,3547,131,190.28,71.54,57.56
SKODA,Petrol,74,82,14.5,2502,109,176.5,67.17,57.52
SKODA,Petrol,85,118,14.5,2560,114,176.5,67.17,57.52
SKODA,Petrol,104,129,14.5,2590,121,176.5,67.17,57.52
SKODA,Petrol,120,147,14.5,2725,128,176.5,67.17,57.52
SKODA,Petrol,120,147,14.5,2725,128,176.5,67.17,57.52
SKODA,Petrol,104,129,14.5,2590,121,176.5,67.17,57.52
SKODA,Petrol,85,118,14.5,2560,114,176.5,67.17,57.52
SKODA,Petrol,120,147,14.5,2725,128,176.5,67.17,57.52
SKODA,Petrol,85,118,14.5,2560,114,176.5,67.17,57.52
SKODA,Petrol,104,129,14.5,2590,121,176.5,67.17,57.52
SKODA,Petrol,120,147,14.5,2725,128,176.5,67.17,57.52
SKODA,Petrol,104,129,14.5,2590,121,176.5,67.17,57.52
SKODA,Petrol,85,118,14.5,2560,114,176.5,67.17,57.52
SKODA,Petrol,89,118,14.5,2568,116,176.5,67.17,57.52
SKODA,Petrol,109,129,14.5,2612,124,176.5,67.17,57.52
SKODA,Petrol,89,118,14.5,2568,116,176.5,67.17,57.52
SKODA,Petrol,89,118,14.5,2643,116,176.5,67.17,57.52
SKODA,Petrol,109,129,14.5,2612,124,176.5,67.17,57.52
SKODA,Petrol,123,147,14.5,2703,129,176.5,67.17,57.52
SKODA,Petrol,109,129,14.5,2612,124,176.5,67.17,57.52
SKODA,Petrol,123,147,14.5,2703,129,176.5,67.17,57.52
SKODA,Diesel,104,184,14.5,2765,118,176.5,67.17,57.52
SKODA,Diesel,104,184,14.5,2765,118,176.5,67.17,57.52
SKODA,Diesel,89,169,14.5,2833,114,176.5,67.17,57.52
SKODA,Diesel,89,169,14.5,2833,114,176.5,67.17,57.52
SKODA,Diesel,104,184,14.5,2765,118,176.5,67.17,57.52
SKODA,Diesel,104,184,14.5,2765,118,176.5,67.17,57.52
SKODA,Diesel,104,184,14.5,2765,118,176.5,67.17,57.52
SKODA,Diesel,104,184,14.5,2765,118,176.5,67.17,57.52
SKODA,Diesel,89,169,14.5,2789,114,176.5,67.17,57.52
SKODA,Diesel,89,169,14.5,2789,114,176.5,67.17,57.52
SKODA,Diesel,89,169,14.5,2789,114,176.5,67.17,57.52
SKODA,Diesel,89,169,14.5,2833,114,176.5,67.17,57.52
SKODA,Diesel,89,169,14.5,2773,114,176.5,67.17,57.52
SKODA,Diesel,89,169,14.5,2789,114,176.5,67.17,57.52
SKODA,Diesel,89,169,14.5,2789,114,176.5,67.17,57.52
SKODA,Diesel,89,169,14.5,2789,114,176.5,67.17,57.52
SKODA,Diesel,89,169,14.5,2721,115,176.5,67.17,57.52
SKODA,Diesel,89,169,14.5,2767,115,176.5,67.17,57.52
SKODA,Diesel,89,169,14.5,2721,115,176.5,67.17,57.52
SKODA,Diesel,114,184,14.5,2848,125,176.5,67.17,57.52
SKODA,Diesel,89,169,14.5,2767,115,176.5,67.17,57.52
SKODA,Diesel,89,169,14.5,2721,115,176.5,67.17,57.52
SKODA,Diesel,114,184,14.5,2848,125,176.5,67.17,57.52
SKODA,Diesel,114,184,14.5,2848,125,176.5,67.17,57.52
SKODA,Petrol,59,70,9.2,2048,99,140.28,64.61,58.19
SKODA,Petrol,74,70,9.2,2048,106,140.28,64.76,58.19
SKODA,Petrol,59,70,9.2,2048,99,140.28,64.76,58.19
SKODA,Petrol,74,70,9.2,2048,106,140.28,64.61,58.19
SKODA,Petrol,74,70,9.2,2048,106,140.28,64.61,58.19
SKODA,Petrol,74,70,9.2,2048,106,140.28,64.76,58.19
SKODA,Petrol,74,70,9.2,2055,106,140.28,64.61,58.19
SKODA,Petrol,74,70,9.2,2055,106,140.28,64.76,58.19
SKODA,Petrol,104,129,15.9,2965,109,166.26,70.59,66.57
SKODA,Petrol,120,147,15.9,3031,115,166.26,70.59,66.57
SKODA,Petrol,104,129,15.9,3031,108,166.26,70.59,66.57
SKODA,Petrol,104,129,15.9,3031,108,166.26,70.59,66.57
SKODA,Petrol,104,129,15.9,2965,109,166.26,70.59,66.57
SKODA,Petrol,104,129,15.9,3031,108,166.26,70.59,66.57
SKODA,Petrol,120,147,15.9,3031,115,166.26,70.59,66.57
SKODA,Petrol,104,129,15.9,2965,109,166.26,70.59,66.57
SKODA,Petrol,158,184,15.9,3351,124,166.26,70.59,66.57
SKODA,Petrol,104,129,15.9,2965,109,166.26,70.59,66.57
SKODA,Diesel,138,236,15.9,3406,118,166.26,70.59,66.57
SKODA,Diesel,168,258,15.9,3406,125,166.26,70.59,66.57
SKODA,Diesel,138,236,15.9,3406,118,166.26,70.59,66.57
SKODA,Diesel,168,258,15.9,3384,125,166.26,70.59,66.57
SKODA,Diesel,138,236,15.9,3428,116,166.26,70.59,66.57
SKODA,Diesel,138,236,15.9,3406,118,166.26,70.59,66.57
SKODA,Diesel,109,184,15.9,3362,108,166.26,70.59,66.57
SKODA,Diesel,109,184,15.9,3131,110,166.26,70.59,66.57
SKODA,Diesel,138,236,15.9,3428,116,166.26,70.59,66.57
SKODA,Diesel,138,236,15.9,3406,118,166.26,70.59,66.57
SKODA,Diesel,109,184,15.9,3362,108,166.26,70.59,66.57
SKODA,Diesel,109,184,15.9,3131,110,166.26,70.59,66.57
SKODA,Diesel,109,184,15.9,3131,110,166.26,70.59,66.57
SKODA,Diesel,104,184,14.5,3109,109,166.26,70.59,65.79
SKODA,Diesel,109,184,15.9,3131,110,166.26,70.59,66.57
SKODA,Petrol,158,184,15.9,3406,131,180.47,70.24,60.35
SKODA,Diesel,138,236,15.9,3461,122,180.47,70.24,60.35
SKODA,Petrol,158,184,15.9,3545,135,190.47,71.54,59.45
SKODA,Petrol,158,184,15.9,3583,135,190.47,71.54,59.45
SKODA,Petrol,256,258,15.9,3845,154,190.47,71.54,59.45
SKODA,Petrol,158,184,15.9,3371,137,190.47,71.54,57.56
SKODA,Petrol,158,184,15.9,3408,137,190.47,71.54,57.56
SKODA,Petrol,158,184,15.9,3446,135,190.47,71.54,57.56
SKODA,Petrol,256,258,15.9,3836,155,190.47,71.54,57.56
SKODA,Petrol,123,147,15.9,3481,124,190.47,71.54,59.45
SKODA,Petrol,158,184,15.9,3591,134,190.47,71.54,59.45
SKODA,Petrol,158,184,15.9,3545,135,190.47,71.54,59.45
SKODA,Petrol,158,184,15.9,3583,135,190.47,71.54,59.45
SKODA,Petrol,158,184,15.9,3591,134,190.47,71.54,59.45
SKODA,Petrol,158,184,15.9,3545,135,190.47,71.54,59.45
SKODA,Petrol,158,184,15.9,3583,135,190.47,71.54,59.45
SKODA,Petrol,158,184,15.9,3591,134,190.47,71.54,59.45
SKODA,Petrol,256,258,15.9,3845,154,190.47,71.54,59.45
SKODA,Petrol,123,147,15.9,3307,125,190.47,71.54,57.56
SKODA,Petrol,123,147,15.9,3307,125,190.47,71.54,57.56
SKODA,Petrol,158,184,15.9,3371,137,190.47,71.54,57.56
SKODA,Petrol,158,184,15.9,3408,137,190.47,71.54,57.56
SKODA,Petrol,158,184,15.9,3446,135,190.47,71.54,57.56
SKODA,Petrol,158,184,15.9,3371,137,190.47,71.54,57.56
SKODA,Petrol,158,184,15.9,3408,137,190.47,71.54,57.56
SKODA,Petrol,158,184,15.9,3446,135,190.47,71.54,57.56
SKODA,Petrol,197,206,15.9,3428,147,190.47,71.54,57.56
SKODA,Petrol,158,184,15.9,3371,137,190.47,71.54,57.56
SKODA,Petrol,158,184,15.9,3408,137,190.47,71.54,57.56
SKODA,Petrol,158,184,15.9,3446,135,190.47,71.54,57.56
SKODA,Petrol,197,206,15.9,3428,147,190.47,71.54,57.56
SKODA,Petrol,256,258,15.9,3836,155,190.47,71.54,57.56
SKODA,Petrol,123,147,15.9,3481,124,190.47,71.54,59.45
SKODA,Petrol,123,147,15.9,3481,124,190.47,71.54,59.45
SKODA,Petrol,158,184,15.9,3545,135,190.47,71.54,59.45
SKODA,Petrol,158,184,15.9,3583,135,190.47,71.54,59.45
SKODA,Petrol,158,184,15.9,3591,134,190.47,71.54,59.45
SKODA,Petrol,158,184,15.9,3545,135,190.47,71.54,59.45
SKODA,Petrol,158,184,15.9,3583,135,190.47,71.54,59.45
SKODA,Petrol,158,184,15.9,3591,134,190.47,71.54,59.45
SKODA,Petrol,197,206,15.9,3477,145,190.47,71.54,59.45
SKODA,Petrol,158,184,15.9,3545,135,190.47,71.54,59.45
SKODA,Petrol,158,184,15.9,3583,135,190.47,71.54,59.45
SKODA,Petrol,158,184,15.9,3591,134,190.47,71.54,59.45
SKODA,Petrol,197,206,15.9,3477,145,190.47,71.54,59.45
SKODA,Petrol,256,258,15.9,3845,154,190.47,71.54,59.45
SKODA,Diesel,138,236,15.9,3624,127,190.47,71.54,59.45
SKODA,Diesel,138,236,15.9,3673,126,190.47,71.54,59.45
SKODA,Diesel,168,258,15.9,3642,137,190.47,71.54,59.45
SKODA,Diesel,168,258,15.9,3680,135,190.47,71.54,59.45
SKODA,Diesel,138,236,15.9,3450,129,190.47,71.54,57.56
SKODA,Diesel,138,236,15.9,3499,127,190.47,71.54,57.56
SKODA,Diesel,168,258,15.9,3468,138,190.47,71.54,57.56
SKODA,Diesel,168,258,15.9,3505,137,190.47,71.54,57.56
SKODA,Diesel,168,258,15.9,3677,136,190.47,71.54,57.56
SKODA,Diesel,138,236,15.9,3624,127,190.47,71.54,59.45
SKODA,Diesel,138,236,15.9,3673,126,190.47,71.54,59.45
SKODA,Diesel,168,258,15.9,3680,135,190.47,71.54,59.45
SKODA,Diesel,138,236,15.9,3624,127,190.47,71.54,59.45
SKODA,Diesel,138,236,15.9,3673,126,190.47,71.54,59.45
SKODA,Diesel,168,258,15.9,3642,137,190.47,71.54,59.45
SKODA,Diesel,168,258,15.9,3680,135,190.47,71.54,59.45
SKODA,Diesel,168,258,15.9,3680,135,190.47,71.54,59.45
SKODA,Diesel,138,236,15.9,3624,127,190.47,71.54,59.45
SKODA,Diesel,138,236,15.9,3673,126,190.47,71.54,59.45
SKODA,Diesel,168,258,15.9,3642,137,190.47,71.54,59.45
SKODA,Diesel,168,258,15.9,3680,135,190.47,71.54,59.45
SKODA,Diesel,168,258,15.9,3680,135,190.47,71.54,59.45
SKODA,Diesel,104,184,15.9,3549,117,190.47,71.54,59.45
SKODA,Diesel,104,184,15.9,3549,117,190.47,71.54,59.45
SKODA,Diesel,104,184,15.9,3375,118,190.47,71.54,57.56
SKODA,Diesel,138,236,15.9,3411,129,190.47,71.54,57.56
SKODA,Diesel,138,236,15.9,3459,127,190.47,71.54,57.56
SKODA,Diesel,104,184,15.9,3375,118,190.47,71.54,57.56
SKODA,Diesel,138,236,15.9,3411,129,190.47,71.54,57.56
SKODA,Diesel,138,236,15.9,3459,127,190.47,71.54,57.56
SKODA,Diesel,168,258,15.9,3468,138,190.47,71.54,57.56
SKODA,Diesel,168,258,15.9,3505,137,190.47,71.54,57.56
SKODA,Diesel,168,258,15.9,3677,136,190.47,71.54,57.56
SKODA,Diesel,138,236,15.9,3411,129,190.47,71.54,57.56
SKODA,Diesel,138,236,15.9,3459,127,190.47,71.54,57.56
SKODA,Diesel,168,258,15.9,3468,138,190.47,71.54,57.56
SKODA,Diesel,168,258,15.9,3505,137,190.47,71.54,57.56
SKODA,Diesel,168,258,15.9,3677,136,190.47,71.54,57.56
SKODA,Diesel,138,236,15.9,3411,129,190.47,71.54,57.56
SKODA,Diesel,138,236,15.9,3459,127,190.47,71.54,57.56
SKODA,Diesel,168,258,15.9,3468,138,190.47,71.54,57.56
SKODA,Diesel,168,258,15.9,3505,137,190.47,71.54,57.56
SKODA,Diesel,168,258,15.9,3677,136,190.47,71.54,57.56
SKODA,Diesel,104,184,15.9,3549,117,190.47,71.54,59.45
SKODA,Diesel,138,236,15.9,3624,127,190.47,71.54,59.45
SKODA,Diesel,138,236,15.9,3673,126,190.47,71.54,59.45
SKODA,Diesel,104,184,15.9,3549,117,190.47,71.54,59.45
SKODA,Diesel,138,236,15.9,3624,127,190.47,71.54,59.45
SKODA,Diesel,138,236,15.9,3673,126,190.47,71.54,59.45
SKODA,Diesel,168,258,15.9,3642,137,190.47,71.54,59.45
SKODA,Diesel,168,258,15.9,3680,135,190.47,71.54,59.45
SKODA,Diesel,168,258,15.9,3680,135,190.47,71.54,59.45
SKODA,Diesel,138,236,15.9,3624,127,190.47,71.54,59.45
SKODA,Diesel,138,236,15.9,3673,126,190.47,71.54,59.45
SKODA,Diesel,168,258,15.9,3642,137,190.47,71.54,59.45
SKODA,Diesel,168,258,15.9,3680,135,190.47,71.54,59.45
SKODA,Diesel,168,258,15.9,3680,135,190.47,71.54,59.45
SKODA,Diesel,138,236,15.9,3624,127,190.47,71.54,59.45
SKODA,Diesel,138,236,15.9,3673,126,190.47,71.54,59.45
SKODA,Diesel,168,258,15.9,3642,137,190.47,71.54,59.45
SKODA,Diesel,168,258,15.9,3680,135,190.47,71.54,59.45
SKODA,Diesel,168,258,15.9,3680,135,190.47,71.54,59.45
SKODA,Petrol,69,82,11.9,2260,101,157.09,64.57,59.06
SKODA,Petrol,104,112,11.9,2304,118,157.09,64.57,59.06
SKODA,Petrol,84,97,11.9,2282,108,157.09,64.57,59.06
SKODA,Petrol,59,79,11.9,2238,96,157.09,64.57,59.06
SKODA,Petrol,104,129,11.9,2491,119,157.48,64.65,58.98
SKODA,Petrol,104,129,11.9,2566,117,157.48,64.65,58.98
SKODA,Petrol,104,129,11.9,2610,118,168.31,65.28,60.71
SKODA,Petrol,59,79,11.9,2447,97,167.2,64.65,58.98
SKODA,Petrol,85,118,11.9,2504,111,167.2,64.65,58.98
SKODA,Petrol,104,129,11.9,2535,120,168.31,65.28,60.71
SKODA,Petrol,104,129,11.9,2610,118,167.2,64.65,58.98
SKODA,Petrol,104,129,11.9,2535,120,167.2,64.65,58.98
SKODA,Petrol,85,118,11.9,2504,111,167.2,64.65,58.98
SKODA,Petrol,178,184,11.9,3071,139,158.62,64.65,58.74
SKODA,Petrol,59,79,11.9,2403,96,157.48,64.65,58.98
SKODA,Petrol,68,82,11.9,2447,102,167.2,64.65,58.98
SKODA,Petrol,104,129,11.9,2566,117,157.48,64.65,58.98
SKODA,Petrol,59,79,11.9,2403,96,157.48,64.65,58.98
SKODA,Petrol,85,118,11.9,2460,110,157.48,64.65,58.98
SKODA,Petrol,104,129,11.9,2566,117,157.48,64.65,58.98
SKODA,Petrol,104,129,11.9,2491,119,157.48,64.65,58.98
SKODA,Petrol,85,118,11.9,2460,110,157.48,64.65,58.98
SKODA,Petrol,104,129,11.9,2491,119,157.48,64.65,58.98
SKODA,Petrol,104,129,11.9,2535,120,167.2,64.65,58.98
SKODA,Petrol,68,82,11.9,2414,101,157.48,64.65,58.98
SKODA,Diesel,79,143,11.9,2436,107,157.09,64.57,59.06
SKODA,Diesel,68,114,11.9,2425,101,157.09,64.57,59.06
SKODA,Diesel,104,177,11.9,2524,118,157.09,64.57,59.06
SKODA,Diesel,89,169,11.9,2698,110,167.2,64.65,58.98
SKODA,Diesel,74,143,11.9,2654,103,157.48,64.65,58.98
SKODA,Diesel,89,169,11.9,2654,109,157.48,64.65,58.98
SKODA,Diesel,89,169,11.9,2654,109,157.48,64.65,58.98
SKODA,Diesel,104,184,11.9,2687,117,157.48,64.65,58.98
SKODA,Diesel,104,184,11.9,2732,118,168.31,65.28,60.71
SKODA,Diesel,104,184,11.9,2687,117,157.48,64.65,58.98
SKODA,Diesel,104,184,11.9,2732,118,167.2,64.65,58.98
SKODA,Diesel,89,169,11.9,2698,110,167.2,64.65,58.98
SKODA,Diesel,104,184,11.9,2732,118,167.2,64.65,58.98
SKODA,Diesel,104,184,11.9,2732,118,167.2,64.65,58.98
SKODA,Diesel,74,143,11.9,2654,103,157.48,64.65,58.98
SKODA,Petrol,64,82,14.5,2535,96,165.55,66.3,63.27
SKODA,Petrol,85,97,14.5,2546,106,165.55,66.3,63.27
SKODA,Petrol,104,112,14.5,2590,114,165.55,66.3,63.27
SKODA,Petrol,104,129,14.5,2802,114,165.91,66.3,63.27
SKODA,Petrol,104,129,14.5,2727,114,165.91,66.3,63.27
SKODA,Petrol,104,129,14.5,2802,114,166.93,66.73,64.96
SKODA,Petrol,104,129,14.5,2727,114,165.91,66.3,63.27
SKODA,Petrol,85,118,14.5,2692,107,165.91,66.3,63.27
SKODA,Petrol,104,129,14.5,2802,114,165.91,66.3,63.27
SKODA,Petrol,104,129,14.5,2802,114,166.93,66.73,64.96
SKODA,Petrol,85,118,14.5,2692,107,165.91,66.3,63.27
SKODA,Petrol,104,129,14.5,2727,114,166.93,66.73,64.96
SKODA,Diesel,104,177,14.5,2778,113,165.55,66.3,63.27
SKODA,Diesel,79,143,14.5,2745,103,165.55,66.3,63.27
SKODA,Diesel,69,114,14.5,2723,98,165.55,66.3,63.27
SKODA,Diesel,104,184,14.5,2915,112,166.93,66.73,64.96
SKODA,Diesel,104,184,14.5,2915,112,165.91,66.3,63.27
SKODA,Diesel,104,184,14.5,2915,112,165.91,66.3,63.27
SKODA,Diesel,89,169,14.5,2915,106,165.91,66.3,63.27
SKODA,Diesel,89,169,14.5,2915,106,165.91,66.3,63.27
SKODA,Diesel,74,132,14.5,2884,101,165.91,66.3,63.27
SKODA,Diesel,74,132,14.5,2897,103,165.91,66.3,63.27
SKODA,Petrol,74,92,14.5,2657,106,180,69.65,57.56
SKODA,Petrol,101,109,14.5,2712,118,180,69.65,57.56
SKODA,Petrol,114,114,14.5,2734,123,180,69.65,57.56
SKODA,Petrol,148,147,14.5,2833,132,180,69.65,57.56
SKODA,Petrol,197,206,14.5,3031,149,180.24,69.65,56.97
SKODA,Petrol,120,147,14.5,2954,126,179.88,69.65,57.8
SKODA,Petrol,158,184,14.5,3053,139,179.88,69.65,57.56
SKODA,Petrol,158,184,14.5,3009,139,179.88,69.65,57.56
SKODA,Petrol,120,147,14.5,2921,126,179.88,69.65,57.56
SKODA,Petrol,120,147,14.5,2998,125,179.88,69.65,57.8
SKODA,Petrol,120,147,14.5,2965,126,179.88,69.65,57.56
SKODA,Petrol,158,184,14.5,3086,138,179.88,69.65,57.8
SKODA,Petrol,158,184,14.5,3042,138,179.88,69.65,57.8
SKODA,Petrol,101,109,14.5,2855,118,179.88,69.65,57.56
SKODA,Petrol,120,147,14.5,2965,126,179.88,69.65,57.56
SKODA,Petrol,104,129,14.5,2800,119,179.88,69.65,57.56
SKODA,Petrol,120,147,14.5,2921,126,179.88,69.65,57.56
SKODA,Petrol,158,184,14.5,3009,139,179.88,69.65,57.56
SKODA,Petrol,158,184,14.5,3053,139,179.88,69.65,57.56
SKODA,Petrol,104,129,14.5,2855,119,179.88,69.65,57.56
SKODA,Petrol,158,184,14.5,3009,139,179.88,69.65,57.56
SKODA,Petrol,158,184,14.5,3053,139,179.88,69.65,57.56
SKODA,Petrol,197,206,14.5,3274,147,181.06,69.65,57.13
SKODA,Petrol,197,206,14.5,3230,149,181.06,69.65,57.13
SKODA,Petrol,158,184,14.5,3086,138,179.88,69.65,57.8
SKODA,Petrol,158,184,14.5,3042,138,179.88,69.65,57.8
SKODA,Petrol,158,184,14.5,3086,138,179.88,69.65,57.8
SKODA,Petrol,158,184,14.5,3042,138,179.88,69.65,57.8
SKODA,Petrol,120,147,14.5,2998,125,179.88,69.65,57.8
SKODA,Petrol,120,147,14.5,2954,126,179.88,69.65,57.8
SKODA,Petrol,104,129,14.5,2888,119,179.88,69.65,57.8
SKODA,Petrol,104,129,14.5,2833,119,179.88,69.65,57.8
SKODA,Petrol,197,206,14.5,3241,149,179.88,69.65,56.97
SKODA,Petrol,197,206,14.5,3197,150,179.88,69.65,56.97
SKODA,Petrol,101,109,14.5,2855,118,179.88,69.65,57.56
SKODA,Diesel,138,236,14.5,2888,129,180,69.65,57.56
SKODA,Diesel,104,184,14.5,2833,119,180,69.65,57.56
SKODA,Diesel,168,258,14.5,3097,140,180.24,69.65,56.97
SKODA,Diesel,138,236,14.5,3153,129,179.88,69.65,57.8
SKODA,Diesel,104,184,14.5,3009,118,179.88,69.65,57.56
SKODA,Diesel,104,184,14.5,3020,119,179.88,69.65,57.56
SKODA,Diesel,104,184,14.5,3075,117,179.88,69.65,57.56
SKODA,Diesel,138,236,14.5,3109,129,179.88,69.65,57.56
SKODA,Diesel,104,184,14.5,3109,117,179.88,69.65,57.8
SKODA,Diesel,138,236,14.5,3153,129,179.88,69.65,57.56
SKODA,Diesel,104,184,14.5,3042,117,179.88,69.65,57.8
SKODA,Diesel,104,184,14.5,3053,119,179.88,69.65,57.8
SKODA,Diesel,138,236,14.5,3109,129,179.88,69.65,57.8
SKODA,Diesel,138,236,14.5,3075,129,179.88,69.65,57.56
SKODA,Diesel,104,184,14.5,3109,117,179.88,69.65,57.8
SKODA,Diesel,104,184,14.5,3053,119,179.88,69.65,57.8
SKODA,Diesel,168,258,14.5,3307,140,181.06,69.65,57.13
SKODA,Diesel,104,184,14.5,3075,117,179.88,69.65,57.8
SKODA,Diesel,138,236,14.5,3075,129,179.88,69.65,57.56
SKODA,Diesel,104,184,14.5,3296,112,179.88,69.65,58.58
SKODA,Diesel,104,184,14.5,3042,118,179.88,69.65,57.56
SKODA,Diesel,168,258,14.5,3351,139,181.06,69.65,57.13
SKODA,Diesel,138,236,14.5,3109,129,179.88,69.65,57.8
SKODA,Diesel,138,236,14.5,3153,128,179.88,69.65,57.8
SKODA,Diesel,104,184,14.5,3042,117,179.88,69.65,57.8
SKODA,Diesel,138,236,14.5,3120,129,179.88,69.65,57.56
SKODA,Diesel,138,236,14.5,3120,129,179.88,69.65,57.56
SKODA,Diesel,104,184,14.5,3009,118,179.88,69.65,57.56
SKODA,Diesel,104,184,14.5,3042,118,179.88,69.65,57.56
SKODA,Diesel,104,184,14.5,3020,119,179.88,69.65,57.56
SKODA,Diesel,104,184,14.5,3075,117,179.88,69.65,57.56
SKODA,Diesel,104,184,14.5,3075,117,179.88,69.65,57.8
SKODA,Diesel,138,236,14.5,3075,129,179.88,69.65,57.56
SKODA,Diesel,138,236,14.5,3120,129,179.88,69.65,57.56
SKODA,Diesel,138,236,14.5,3153,128,179.88,69.65,57.8
SKODA,Diesel,138,236,14.5,3153,128,179.88,69.65,57.8
SKODA,Diesel,168,258,14.5,3274,140,179.88,69.65,56.97
SKODA,Diesel,168,258,14.5,3318,139,179.88,69.65,56.97
SKODA,Diesel,138,236,14.5,3109,129,179.88,69.65,57.8
SKODA,Diesel,138,236,14.5,3109,129,179.88,69.65,57.8
SKODA,Petrol,113,126,16.4,3058,122,189.09,69.49,57.83
SKODA,Petrol,148,154,16.4,3115,134,189.09,69.49,57.83
SKODA,Petrol,190,206,16.4,3254,147,189.09,69.49,57.83
SKODA,Diesel,100,184,16.4,3159,117,189.09,69.49,57.83
SKODA,Diesel,128,210,16.4,3197,127,189.09,69.49,57.83
SKODA,Diesel,153,228,16.4,3395,136,189.09,69.49,57.83
SKODA,Diesel,161,258,16.4,3395,139,189.09,69.49,57.83
SKODA,Diesel,138,236,16.4,3292,134,189.09,69.49,57.83
SKODA,Diesel,104,184,16.4,3159,119,189.09,69.49,57.83
SKODA,Petrol,67,88,11.9,2414,101,166.22,64.8,57.05
SKODA,Petrol,63,82,11.9,2403,99,166.22,64.8,57.05
SKODA,Petrol,63,82,11.9,2403,99,166.22,64.8,57.05
SKODA,Petrol,74,92,11.9,2403,104,166.22,64.8,57.05
SKODA,Petrol,67,88,11.9,2414,101,166.22,64.8,57.05
SKODA,Petrol,114,125,11.9,2513,122,166.22,64.8,57.05
SKODA,Petrol,79,97,11.9,2568,108,166.22,64.8,57.05
SKODA,Petrol,100,92,11.9,2414,115,166.22,64.8,57.05
SKODA,Petrol,100,92,11.9,2414,115,166.22,64.8,57.05
SKODA,Petrol,74,92,11.9,2403,104,166.22,64.8,57.05
SKODA,Petrol,74,92,11.9,2480,103,166.22,64.8,57.05
SKODA,Diesel,74,143,11.9,2557,105,166.22,64.8,57.05
SKODA,Diesel,68,114,11.9,2535,102,166.22,64.8,57.05
SKODA,Diesel,100,177,11.9,2590,115,166.22,64.8,57.05
SKODA,Diesel,74,143,11.9,2557,105,166.22,64.8,57.05
SKODA,Diesel,63,92,11.9,2546,98,166.22,64.8,57.05
SKODA,Diesel,100,177,11.9,2590,115,166.22,64.8,57.05
SKODA,Diesel,100,177,11.9,2590,115,166.22,64.8,57.05
SKODA,Diesel,63,92,11.9,2546,98,166.22,64.8,57.05
SKODA,Diesel,79,143,11.9,2557,107,166.22,64.8,57.05
SKODA,Petrol,49,61,11.9,2284,90,155.91,64.8,57.13
SKODA,Petrol,59,87,11.9,2293,98,155.91,64.8,57.13
SKODA,Petrol,67,88,11.9,2293,101,155.91,64.8,57.13
SKODA,Petrol,99,92,11.9,2293,115,155.91,64.8,57.13
SKODA,Petrol,113,125,11.9,2392,121,155.91,64.8,57.13
SKODA,Petrol,74,92,11.9,2282,104,155.91,64.8,57.13
SKODA,Petrol,53,78,11.9,2271,94,155.91,64.8,57.13
SKODA,Petrol,63,82,11.9,2282,99,155.91,64.8,57.13
SKODA,Diesel,63,92,11.9,2425,98,155.91,64.8,57.13
SKODA,Diesel,100,177,11.9,2469,115,155.91,64.8,57.13
SKODA,Diesel,74,143,11.9,2469,104,155.91,64.8,57.13
SKODA,Diesel,128,228,11.9,2690,127,155.91,64.8,57.13
SKODA,Diesel,68,114,11.9,2414,101,155.91,64.8,57.13
SKODA,Diesel,79,143,11.9,2436,106,155.91,64.8,57.13
SKODA,Petrol,74,92,11.9,2414,106,166.22,64.8,57.17
SKODA,Petrol,67,88,11.9,2425,102,166.22,64.8,57.17
SKODA,Petrol,74,92,11.9,2414,106,166.22,64.8,57.17
SKODA,Petrol,100,92,11.9,2513,115,166.22,64.8,57.17
SKODA,Petrol,79,97,11.9,2579,108,166.22,64.8,57.17
SKODA,Petrol,63,82,11.9,2414,101,166.22,64.8,57.17
SKODA,Petrol,100,92,11.9,2513,115,166.22,64.8,57.17
SKODA,Petrol,114,125,11.9,2612,121,166.22,64.8,57.17
SKODA,Petrol,74,92,11.9,2414,105,166.22,64.8,57.17
SKODA,Diesel,100,177,11.9,2524,116,166.22,64.8,57.17
SKODA,Diesel,68,114,11.9,2546,103,166.22,64.8,57.17
SKODA,Diesel,74,143,11.9,2568,106,166.22,64.8,57.17
SKODA,Diesel,74,143,11.9,2568,106,166.22,64.8,57.17
SKODA,Diesel,63,92,11.9,2480,98,166.22,64.8,57.17
SKODA,Diesel,100,177,11.9,2524,116,166.22,64.8,57.17
SKODA,Diesel,100,177,11.9,2524,116,166.22,64.8,57.17
SKODA,Diesel,74,143,11.9,2568,106,166.22,64.8,57.17
SKODA,Diesel,63,92,11.9,2480,98,166.22,64.8,57.17
SKODA,Diesel,79,143,11.9,2568,108,166.22,64.8,57.17
SKODA,Petrol,74,99,11.1,2282,101,162.01,64.37,56.69
SKODA,Petrol,67,78,11.1,1995,96,162.01,64.37,56.69
SKODA,Petrol,67,78,11.1,2061,91,162.01,64.37,73.43
SKODA,Diesel,63,91,11.1,2194,93,162.01,64.37,56.69
SKODA,Diesel,63,91,11.1,2260,86,162.01,64.37,73.43
SKODA,Petrol,100,106,14.5,2690,116,177.6,68.15,57.01
SKODA,Petrol,148,154,14.5,2899,134,177.6,68.15,57.01
SKODA,Petrol,148,154,16.6,3031,131,177.68,68.15,58.31
SKODA,Petrol,148,154,16.6,3031,131,177.68,68.15,58.31
SKODA,Petrol,148,154,14.5,3031,134,177.6,68.15,57.01
SKODA,Petrol,148,154,14.5,3031,133,177.6,68.15,57.01
SKODA,Petrol,114,125,16.6,3031,120,177.68,68.15,58.31
SKODA,Petrol,148,154,14.5,2811,136,177.68,68.15,57.36
SKODA,Petrol,148,154,14.5,2877,134,177.68,68.15,57.36
SKODA,Petrol,177,173,14.5,2954,144,177.68,68.15,56.85
SKODA,Petrol,148,154,14.5,2811,136,177.68,68.15,57.36
SKODA,Petrol,101,109,14.5,2690,118,177.68,68.15,57.36
SKODA,Diesel,89,154,16.6,3126,108,177.6,68.15,57.99
SKODA,Diesel,109,173,14.5,3064,119,177.6,68.15,57.01
SKODA,Diesel,109,173,14.5,2932,119,177.6,68.15,57.01
SKODA,Diesel,89,154,14.5,2855,111,177.6,68.15,57.01
SKODA,Diesel,89,154,14.5,2833,113,177.68,68.15,57.36
SKODA,Diesel,129,228,14.5,2888,129,177.68,68.15,57.36
SKODA,Diesel,129,228,14.5,2888,129,177.68,68.15,57.36
SKODA,Diesel,100,177,16.6,3086,114,177.68,68.15,58.31
SKODA,Diesel,109,173,14.5,2844,119,177.68,68.15,57.36
SKODA,Diesel,109,173,14.5,2844,119,177.68,68.15,57.36
SKODA,Diesel,109,173,14.5,2844,119,177.68,68.15,57.36
SKODA,Diesel,100,177,16.6,3086,114,177.68,68.15,58.31
SKODA,Diesel,129,228,14.5,2888,129,177.68,68.15,57.36
SKODA,Petrol,74,99,14.5,2601,106,177.56,68.11,56.3
SKODA,Petrol,100,106,14.5,2668,116,177.56,68.11,56.3
SKODA,Petrol,123,125,14.5,2833,126,177.56,68.11,56.3
SKODA,Petrol,148,154,14.5,2833,134,177.56,68.11,56.3
SKODA,Petrol,113,125,14.5,2778,122,177.56,68.11,56.3
SKODA,Petrol,74,92,14.5,2535,106,177.56,68.11,56.3
SKODA,Petrol,101,109,14.5,2601,118,177.56,68.11,56.3
SKODA,Petrol,113,125,14.5,2668,123,177.56,68.11,56.3
SKODA,Petrol,148,154,14.5,2723,136,177.56,68.11,56.3
SKODA,Petrol,178,173,14.5,2866,146,177.56,68.11,56.3
SKODA,Petrol,148,154,16.6,2976,131,177.56,68.11,56.3
SKODA,Diesel,67,95,14.5,2745,100,177.56,68.11,56.3
SKODA,Diesel,89,154,14.5,2833,112,177.56,68.11,56.3
SKODA,Diesel,109,173,14.5,2866,119,177.56,68.11,56.3
SKODA,Diesel,89,154,14.5,2745,113,177.56,68.11,56.3
SKODA,Diesel,109,173,14.5,2756,119,177.56,68.11,56.3
SKODA,Diesel,128,228,14.5,2800,129,177.56,68.11,56.3
SKODA,Petrol,67,73,11.1,2022,93,151.97,64.57,55.91
SKODA,Petrol,53,69,11.1,1978,90,151.97,64.57,55.91
SKODA,Petrol,74,99,11.1,2127,106,151.97,64.57,55.91
SKODA,Petrol,53,73,11.1,2061,94,151.97,64.57,55.91
SKODA,Petrol,67,78,11.1,2061,101,151.97,64.57,55.91
SKODA,Petrol,54,73,11.1,2061,94,152.76,64.57,55.91
SKODA,Petrol,67,78,11.1,2061,101,151.97,64.57,55.91
SKODA,Petrol,74,99,11.1,2127,106,151.97,64.57,55.91
SKODA,Diesel,63,91,11.1,2249,97,151.97,64.57,55.91
SKODA,Diesel,63,91,11.1,2249,97,151.97,64.57,55.91
SKODA,Petrol,67,75,11.1,2072,93,166.14,63.78,55.91
SKODA,Petrol,53,66,12.4,1984,87,166.14,63.78,55.91
SKODA,Petrol,62,73,12.4,1852,93,150.39,63.78,55.91
SKODA,Petrol,61,73,12.4,2072,92,150,63.7,55.71
SKODA,Petrol,53,66,12.4,1861,90,150.39,63.78,55.91
SKODA,Petrol,53,66,12.4,1929,87,150.2,63.78,55.71
SKODA,Petrol,67,75,11.1,1971,93,150.39,63.78,55.91
SKODA,Petrol,62,75,9.5,2072,93,165.35,63.39,55.12
SKODA,Petrol,62,75,9.5,2046,95,165.35,63.39,54.33
SKODA,Petrol,60,74,9.5,2046,96,165.35,63.39,54.33
SKODA,Petrol,57,66,9.5,2017,88,165.35,63.39,54.33
SKODA,Petrol,51,62,9.5,1951,84,165.35,63.39,55.12
SKODA,Petrol,57,66,9.5,1951,86,165.35,63.39,55.12
SKODA,Petrol,52,62,10,1940,87,163.82,62.8,55.12
SKODA,Petrol,52,62,9.5,2033,87,165.35,63.39,55.12
SKODA,Petrol,45,54,9.5,1929,80,165.35,63.39,55.12
SKODA,Petrol,51,57,8.2,1301,99,151.5,62.99,49.21
SKODA,Petrol,43,57,10,2341,62,176.57,66.93,62.2
